rule	source	line	shadowed_by	shadow_source
DOMAIN-SUFFIX,cdn.shanghai.nyu.edu	https://raw.githubusercontent.com/entr0pia/SwitchyOmega-Whitelist/refs/heads/master/white-list.sorl	19482	DOMAIN-SUFFIX,edu	https://raw.githubusercontent.com/entr0pia/SwitchyOmega-Whitelist/refs/heads/master/white-list.sorl
DOMAIN-SUFFIX,cdnjsp.wang	https://raw.githubusercontent.com/entr0pia/SwitchyOmega-Whitelist/refs/heads/master/white-list.sorl	19606	DOMAIN-SUFFIX,wang	https://raw.githubusercontent.com/entr0pia/SwitchyOmega-Whitelist/refs/heads/master/white-list.sorl
DOMAIN-SUFFIX,ceibs.edu	https://raw.githubusercontent.com/entr0pia/SwitchyOmega-Whitelist/refs/heads/master/white-list.sorl	19807	DOMAIN-SUFFIX,edu	https://raw.githubusercontent.com/entr0pia/SwitchyOmega-Whitelist/refs/heads/master/white-list.sorl
DOMAIN-SUFFIX,cfeng.wang	https://raw.githubusercontent.com/entr0pia/SwitchyOmega-Whitelist/refs/heads/master/white-list.sorl	20001	DOMAIN-SUFFIX,wang	https://raw.githubusercontent.com/entr0pia/SwitchyOmega-Whitelist/refs/heads/master/white-list.sorl
DOMAIN-SUFFIX,d.codata.lenovo.com	https://raw.githubusercontent.com/entr0pia/SwitchyOmega-Whitelist/refs/heads/master/white-list.sorl	26790	DOMAIN-SUFFIX,codata.lenovo.com	https://raw.githubusercontent.com/entr0pia/SwitchyOmega-Whitelist/refs/heads/master/white-list.sorl
DOMAIN-SUFFIX,dospy.wang	https://raw.githubusercontent.com/entr0pia/SwitchyOmega-Whitelist/refs/heads/master/white-list.sorl	29808	DOMAIN-SUFFIX,wang	https://raw.githubusercontent.com/entr0pia/SwitchyOmega-Whitelist/refs/heads/master/white-list.sorl
DOMAIN-SUFFIX,dundun.wang	https://raw.githubusercontent.com/entr0pia/SwitchyOmega-Whitelist/refs/heads/master/white-list.sorl	30415	DOMAIN-SUFFIX,wang	https://raw.githubusercontent.com/entr0pia/SwitchyOmega-Whitelist/refs/heads/master/white-list.sorl
DOMAIN-SUFFIX,eurasia.edu	https://raw.githubusercontent.com/entr0pia/SwitchyOmega-Whitelist/refs/heads/master/white-list.sorl	32762	DOMAIN-SUFFIX,edu	https://raw.githubusercontent.com/entr0pia/SwitchyOmega-Whitelist/refs/heads/master/white-list.sorl
DOMAIN-SUFFIX,fangdalaw.box.lenovo.com	https://raw.githubusercontent.com/entr0pia/SwitchyOmega-Whitelist/refs/heads/master/white-list.sorl	33391	DOMAIN-SUFFIX,box.lenovo.com	https://raw.githubusercontent.com/entr0pia/SwitchyOmega-Whitelist/refs/heads/master/white-list.sorl
DOMAIN-SUFFIX,jingqu.wang	https://raw.githubusercontent.com/entr0pia/SwitchyOmega-Whitelist/refs/heads/master/white-list.sorl	53460	DOMAIN-SUFFIX,wang	https://raw.githubusercontent.com/entr0pia/SwitchyOmega-Whitelist/refs/heads/master/white-list.sorl
DOMAIN-SUFFIX,laogu.wang	https://raw.githubusercontent.com/entr0pia/SwitchyOmega-Whitelist/refs/heads/master/white-list.sorl	59132	DOMAIN-SUFFIX,wang	https://raw.githubusercontent.com/entr0pia/SwitchyOmega-Whitelist/refs/heads/master/white-list.sorl
DOMAIN-SUFFIX,mamamiya.wang	https://raw.githubusercontent.com/entr0pia/SwitchyOmega-Whitelist/refs/heads/master/white-list.sorl	63321	DOMAIN-SUFFIX,wang	https://raw.githubusercontent.com/entr0pia/SwitchyOmega-Whitelist/refs/heads/master/white-list.sorl
DOMAIN-SUFFIX,mengtuoshi.wang	https://raw.githubusercontent.com/entr0pia/SwitchyOmega-Whitelist/refs/heads/master/white-list.sorl	64396	DOMAIN-SUFFIX,wang	https://raw.githubusercontent.com/entr0pia/SwitchyOmega-Whitelist/refs/heads/master/white-list.sorl
DOMAIN-SUFFIX,mkbaobao.wang	https://raw.githubusercontent.com/entr0pia/SwitchyOmega-Whitelist/refs/heads/master/white-list.sorl	65359	DOMAIN-SUFFIX,wang	https://raw.githubusercontent.com/entr0pia/SwitchyOmega-Whitelist/refs/heads/master/white-list.sorl
DOMAIN-SUFFIX,qq.wang	https://raw.githubusercontent.com/entr0pia/SwitchyOmega-Whitelist/refs/heads/master/white-list.sorl	74591	DOMAIN-SUFFIX,wang	https://raw.githubusercontent.com/entr0pia/SwitchyOmega-Whitelist/refs/heads/master/white-list.sorl
DOMAIN-SUFFIX,sdeyei-h.edu	https://raw.githubusercontent.com/entr0pia/SwitchyOmega-Whitelist/refs/heads/master/white-list.sorl	78465	DOMAIN-SUFFIX,edu	https://raw.githubusercontent.com/entr0pia/SwitchyOmega-Whitelist/refs/heads/master/white-list.sorl
DOMAIN-SUFFIX,snai.edu	https://raw.githubusercontent.com/entr0pia/SwitchyOmega-Whitelist/refs/heads/master/white-list.sorl	82685	DOMAIN-SUFFIX,edu	https://raw.githubusercontent.com/entr0pia/SwitchyOmega-Whitelist/refs/heads/master/white-list.sorl
DOMAIN-SUFFIX,taobao.wang	https://raw.githubusercontent.com/entr0pia/SwitchyOmega-Whitelist/refs/heads/master/white-list.sorl	86406	DOMAIN-SUFFIX,wang	https://raw.githubusercontent.com/entr0pia/SwitchyOmega-Whitelist/refs/heads/master/white-list.sorl
DOMAIN-SUFFIX,test.codata.lenovo.com	https://raw.githubusercontent.com/entr0pia/SwitchyOmega-Whitelist/refs/heads/master/white-list.sorl	87418	DOMAIN-SUFFIX,codata.lenovo.com	https://raw.githubusercontent.com/entr0pia/SwitchyOmega-Whitelist/refs/heads/master/white-list.sorl
DOMAIN-SUFFIX,test.qi.lenovo.com	https://raw.githubusercontent.com/entr0pia/SwitchyOmega-Whitelist/refs/heads/master/white-list.sorl	87419	DOMAIN-SUFFIX,qi.lenovo.com	https://raw.githubusercontent.com/entr0pia/SwitchyOmega-Whitelist/refs/heads/master/white-list.sorl
DOMAIN-SUFFIX,ustc.edu	https://raw.githubusercontent.com/entr0pia/SwitchyOmega-Whitelist/refs/heads/master/white-list.sorl	91220	DOMAIN-SUFFIX,edu	https://raw.githubusercontent.com/entr0pia/SwitchyOmega-Whitelist/refs/heads/master/white-list.sorl
DOMAIN-SUFFIX,wan.wang	https://raw.githubusercontent.com/entr0pia/SwitchyOmega-Whitelist/refs/heads/master/white-list.sorl	92765	DOMAIN-SUFFIX,wang	https://raw.githubusercontent.com/entr0pia/SwitchyOmega-Whitelist/refs/heads/master/white-list.sorl
DOMAIN-SUFFIX,xiaoma.wang	https://raw.githubusercontent.com/entr0pia/SwitchyOmega-Whitelist/refs/heads/master/white-list.sorl	97899	DOMAIN-SUFFIX,wang	https://raw.githubusercontent.com/entr0pia/SwitchyOmega-Whitelist/refs/heads/master/white-list.sorl
DOMAIN-SUFFIX,xn--9krr90n.xn--55qx5d	https://raw.githubusercontent.com/entr0pia/SwitchyOmega-Whitelist/refs/heads/master/white-list.sorl	99565	DOMAIN-SUFFIX,xn--55qx5d	https://raw.githubusercontent.com/entr0pia/SwitchyOmega-Whitelist/refs/heads/master/white-list.sorl
DOMAIN-SUFFIX,zlzpdemo.cube.lenovo.com	https://raw.githubusercontent.com/entr0pia/SwitchyOmega-Whitelist/refs/heads/master/white-list.sorl	109324	DOMAIN-SUFFIX,cube.lenovo.com	https://raw.githubusercontent.com/entr0pia/SwitchyOmega-Whitelist/refs/heads/master/white-list.sorl
